pais,year,gdpPercap
Kuwait,1957,113523.1329
Kuwait,1972,109347.867
Kuwait,1952,108382.3529
Kuwait,1962,95458.11176
Kuwait,1967,80894.88326
Kuwait,1977,59265.47714
Norway,2007,49357.19017
Kuwait,2007,47306.98978
Singapore,2007,47143.17964
Norway,2002,44683.97525
United States,2007,42951.65309
Norway,1997,41283.16433
Ireland,2007,40675.99635
Kuwait,1997,40300.619960000004
"Hong Kong, China",2007,39724.97867
United States,2002,39097.09955
Switzerland,2007,37506.41907
Netherlands,2007,36797.93332
Canada,2007,36319.23501
Iceland,2007,36180.78919
Austria,2007,36126.4927
Singapore,2002,36023.1054
United States,1997,35767.43303
Denmark,2007,35278.41874
Kuwait,2002,35110.10566
Kuwait,1992,34932.91959
Switzerland,2002,34480.95771
Australia,2007,34435.36744
Saudi Arabia,1977,34167.7626
Ireland,2002,34077.04939
Norway,1992,33965.66115
Sweden,2007,33859.74835
Netherlands,2002,33724.75778
Saudi Arabia,1982,33693.17525
Belgium,2007,33692.60508
Singapore,1997,33519.4766
Canada,2002,33328.96507
Finland,2007,33207.0844
United Kingdom,2007,33203.26128
Austria,2002,32417.60769
Germany,2007,32170.37442
Denmark,2002,32166.50006
Switzerland,1997,32135.32301
United States,1992,32003.93224
Switzerland,1992,31871.5303
Japan,2007,31656.06806
Norway,1987,31540.9748
Kuwait,1982,31354.03573
Iceland,2002,31163.20196
Australia,2002,30687.75473
Belgium,2002,30485.88375
France,2007,30470.0167
Switzerland,1987,30281.70459
Netherlands,1997,30246.13063
"Hong Kong, China",2002,30209.01516
Germany,2002,30035.80198
United States,1987,29884.35041
Denmark,1997,29804.34567
Bahrain,2007,29796.04834
United Kingdom,2002,29478.99919
Sweden,2002,29341.63093
Austria,1997,29095.92066
Canada,1997,28954.92589
France,2002,28926.03234
Spain,2007,28821.0637
Japan,1997,28816.58499
Taiwan,2007,28718.27684
Japan,2002,28604.5919
Italy,2007,28569.7197
Switzerland,1982,28397.71512
"Hong Kong, China",1997,28377.63219
Finland,2002,28204.59057
Kuwait,1987,28118.42998
Iceland,1997,28061.09966
Italy,2002,27968.09817
Germany,1997,27788.88416
Belgium,1997,27561.19663
Greece,2007,27538.41188
Switzerland,1972,27195.11304
Austria,1992,27042.01868
Australia,1997,26997.93657
Switzerland,1977,26982.29052
Iceland,1987,26923.20628
Japan,1992,26824.89511
Netherlands,1992,26790.94961
Canada,1987,26626.51503
Germany,1992,26505.30317
Denmark,1992,26406.73985
Canada,1992,26342.88426
Norway,1982,26298.63531
United Kingdom,1997,26074.53136
France,1997,25889.78487
Slovenia,2007,25768.25759
Belgium,1992,25575.57069
Israel,2007,25523.2771
Sweden,1997,25266.59499
New Zealand,2007,25185.00911
Iceland,1992,25144.39201
Denmark,1987,25116.17581
United States,1982,25009.55914
Saudi Arabia,1992,24841.61777
Saudi Arabia,1972,24837.42865
Spain,2002,24835.47166
Singapore,1992,24769.8912
"Hong Kong, China",1992,24757.60301
France,1992,24703.79615
Italy,1997,24675.02446
Germany,1987,24639.18566
Ireland,1997,24521.94713
United States,1977,24072.63213
Sweden,1992,23880.01683
Finland,1997,23723.9502
Austria,1987,23687.82607
Netherlands,1987,23651.32361
Sweden,1987,23586.92927
Australia,1992,23424.76683
Bahrain,2002,23403.55927
"Korea, Rep.",2007,23348.13973
Norway,1977,23311.34939
Iceland,1982,23269.6075
Taiwan,2002,23235.42329
New Zealand,2002,23189.80135
Switzerland,1967,22966.14432
Canada,1982,22898.79214
Czech Republic,2007,22833.30851
United Kingdom,1992,22705.09254
Belgium,1987,22525.56308
Greece,2002,22514.2548
Japan,1987,22375.94189
Oman,2007,22316.19287
Canada,1977,22090.88306
France,1987,22066.44214
Germany,1982,22031.53274
Italy,1992,22013.64486
Libya,1977,21951.21176
Israel,2002,21905.59514
Australia,1987,21888.88903
United States,1972,21806.03594
Gabon,1977,21745.57328
Denmark,1982,21688.04048
United Kingdom,1987,21664.78767
Saudi Arabia,2007,21654.83194
Austria,1982,21597.08362
Netherlands,1982,21399.46046
Netherlands,1977,21209.0592
Saudi Arabia,1987,21198.26136
Finland,1987,21141.01223
New Zealand,1997,21050.41377
Libya,1972,21011.49721
Belgium,1982,20979.84589
Israel,1997,20896.60924
Sweden,1982,20667.38125
Slovenia,2002,20660.01936
Finland,1992,20647.16499
Saudi Arabia,1997,20586.69019
Germany,1977,20512.92123
Portugal,2007,20509.64777
Spain,1997,20445.29896
Switzerland,1962,20431.0927
Denmark,1977,20422.9015
France,1982,20293.89746
Bahrain,1997,20292.01679
Taiwan,1997,20206.82098
"Hong Kong, China",1987,20038.47269
Portugal,2002,19970.90787
Oman,2002,19774.83687
Austria,1977,19749.4223
Oman,1997,19702.05581
Iceland,1977,19654.96247
United States,1967,19530.36557
Australia,1982,19477.00928
Japan,1982,19384.10571
Bahrain,1977,19340.10196
Puerto Rico,2007,19328.70901
"Korea, Rep.",2002,19233.98818
Bahrain,1982,19211.14731
Italy,1987,19207.23482
Belgium,1977,19117.97448
Bahrain,1992,19035.57917
Saudi Arabia,2002,19014.54118
New Zealand,1987,19007.19129
Canada,1972,18970.57086
Norway,1972,18965.05551
Denmark,1972,18866.20721
Singapore,1987,18861.53081
Sweden,1977,18855.72521
Puerto Rico,2002,18855.60618
Netherlands,1972,18794.74567
Libya,1967,18772.75169
Greece,1997,18747.69814
Slovenia,1987,18678.53492
Slovak Republic,2007,18678.31435
Oman,1992,18616.70691
Spain,1992,18603.06452
Finland,1982,18533.15761
Bahrain,1987,18524.02406
New Zealand,1992,18363.32494
Australia,1977,18334.19751
France,1977,18292.63514
Bahrain,1972,18268.65839
United Kingdom,1982,18232.42452
Oman,1987,18115.22313
Israel,1992,18051.52254
Germany,1972,18016.18027
Hungary,2007,18008.94444
Trinidad and Tobago,2007,18008.50924
Switzerland,1957,17909.48973
Slovenia,1982,17866.72175
Sweden,1972,17832.02464
Portugal,1997,17641.03156
New Zealand,1982,17632.4104
Czech Republic,2002,17596.21022
Ireland,1992,17558.81555
Greece,1992,17541.49634
United Kingdom,1977,17428.74846
Libya,1982,17364.27538
Slovenia,1997,17161.10735
Israel,1987,17122.47986
Puerto Rico,1997,16999.4333
Saudi Arabia,1967,16903.04886
Australia,1972,16788.62948
Belgium,1972,16672.14356
Austria,1972,16661.6256
Japan,1977,16610.37701
Italy,1982,16537.4835
Norway,1967,16361.87647
Czech Republic,1987,16310.4434
New Zealand,1977,16233.7177
Portugal,1992,16207.26663
United States,1962,16173.14586
Greece,1987,16120.52839
France,1972,16107.19171
Canada,1967,16076.58803
Czech Republic,1997,16048.51424
New Zealand,1972,16046.03728
"Korea, Rep.",1997,15993.52796
Denmark,1967,15937.21123
United Kingdom,1972,15895.11641
Serbia,1987,15870.87851
Iceland,1972,15798.06362
Spain,1987,15764.98313
Finland,1977,15605.42283
Poland,2007,15389.92468
Czech Republic,1982,15377.22855
Israel,1982,15367.0292
Netherlands,1967,15363.25136
Slovenia,1977,15277.03017
Greece,1982,15268.42089
Sweden,1967,15258.29697
Taiwan,1992,15215.6579
Serbia,1982,15181.0927
Singapore,1982,15169.16112
Gabon,1982,15113.36194
United States,1957,14847.12712
Hungary,2002,14843.93556
Bahrain,1967,14804.6727
Czech Republic,1977,14800.16062
Japan,1972,14778.78636
Germany,1967,14745.62561
Switzerland,1952,14734.23275
Gabon,1997,14722.84188
Iraq,1977,14688.23507
Puerto Rico,1992,14641.58711
Croatia,2007,14619.22272
"Hong Kong, China",1982,14560.53051
Australia,1967,14526.12465
Iraq,1982,14517.90711
New Zealand,1967,14463.91893
Finland,1972,14358.8759
Czech Republic,1992,14297.02122
Italy,1977,14255.98475
Slovenia,1992,14214.71681
Greece,1977,14195.52428
United Kingdom,1967,14142.85089
United States,1952,13990.48208
Spain,1982,13926.16997
Ireland,1987,13872.86652
Croatia,1987,13822.58394
Slovak Republic,2002,13638.77837
Denmark,1962,13583.31351
Gabon,1992,13522.15752
Canada,1962,13462.48555
Norway,1962,13450.40151
Iceland,1967,13319.89568
Israel,1977,13306.61921
Spain,1977,13236.92117
Croatia,1982,13221.82184
Gabon,2007,13206.48452
New Zealand,1962,13175.678
Chile,2007,13171.63885
Belgium,1967,13149.04119
Venezuela,1977,13143.95095
Czech Republic,1972,13108.4536
Portugal,1987,13039.30876
France,1967,12999.91766
Hungary,1987,12986.47998
Serbia,1977,12980.66956
Oman,1982,12954.79101
Germany,1962,12902.46291
Austria,1967,12834.6024
Netherlands,1962,12790.84956
Israel,1972,12786.93223
Argentina,2007,12779.37964
Bahrain,1962,12753.27514
Greece,1972,12724.82957
Ireland,1982,12618.32141
Botswana,2007,12569.85177
Hungary,1982,12545.99066
Gabon,2002,12521.71392
Canada,1957,12489.95006
United Kingdom,1962,12477.17707
Malaysia,2007,12451.6558
Slovenia,1972,12383.4862
Sweden,1962,12329.44192
Puerto Rico,1987,12281.34191
Italy,1972,12269.27378
New Zealand,1957,12247.39532
Australia,1962,12217.22686
Equatorial Guinea,2007,12154.08975
Slovak Republic,1997,12126.23065
"Korea, Rep.",1992,12104.27872
Libya,2007,12057.49928
Slovak Republic,1987,12037.26758
Poland,2002,12002.23908
Mexico,2007,11977.57496
Iran,1977,11888.59508
Gabon,1987,11864.40844
Oman,1977,11848.34392
Libya,1987,11770.5898
Portugal,1982,11753.84291
Montenegro,1987,11732.51017
Hungary,1997,11712.7768
Hungary,1977,11674.83737
Norway,1957,11653.97304
Iraq,1987,11643.57268
Bahrain,1957,11635.79945
Croatia,2002,11628.38895
Saudi Arabia,1962,11626.41975
Iran,2007,11605.71449
Trinidad and Tobago,2002,11460.60023
Venezuela,2007,11415.80569
Gabon,1972,11401.94841
Czech Republic,1967,11399.44489
Canada,1952,11367.16112
Slovak Republic,1982,11348.54585
Croatia,1977,11305.38517
United Kingdom,1957,11283.17795
Netherlands,1957,11276.19344
Montenegro,1982,11222.58762
Singapore,1977,11210.08948
"Hong Kong, China",1977,11186.14125
Venezuela,1982,11152.41011
Ireland,1977,11150.98113
Denmark,1957,11099.65935
Taiwan,1987,11054.56175
Botswana,2002,11003.60508
Belgium,1962,10991.20676
Argentina,1997,10967.28195
Mauritius,2007,10956.99112
Australia,1957,10949.64959
Slovak Republic,1977,10922.66404
Finland,1967,10921.63626
Romania,2007,10808.47561
Chile,2002,10778.78385
Austria,1962,10750.72111
Mexico,2002,10742.44053
Venezuela,1992,10733.92631
Bulgaria,2007,10680.79282
Spain,1972,10638.75131
Oman,1972,10618.03855
Uruguay,2007,10611.46299
France,1962,10560.48553
New Zealand,1952,10556.57566
Hungary,1992,10535.62855
Serbia,1972,10522.06749
Venezuela,1972,10505.25966
Lebanon,2007,10461.05868
Iceland,1962,10350.15906
Puerto Rico,1982,10330.98915
Malaysia,2002,10206.97794
Germany,1957,10187.82665
Portugal,1977,10172.48572
Hungary,1972,10168.65611
Venezuela,1997,10165.49518
Poland,1997,10159.58368
Czech Republic,1962,10136.86713
Malaysia,1997,10132.90964
Chile,1997,10118.05318
Norway,1952,10095.42172
Argentina,1977,10079.02674
Australia,1952,10039.59564
Italy,1967,10022.40131
United Kingdom,1952,9979.508487
Sweden,1957,9911.878226
Venezuela,1987,9883.584648
Croatia,1997,9875.604515
Bahrain,1952,9867.084765
Japan,1967,9847.788607
Panama,2007,9809.185636
Venezuela,1957,9802.466526
Serbia,2007,9786.534714
Puerto Rico,1977,9770.524921
Mexico,1997,9767.29753
Belgium,1957,9714.960623
Romania,1987,9696.273295
Denmark,1952,9692.385245
Slovak Republic,1972,9674.167626
Costa Rica,2007,9645.06142
Libya,1992,9640.138501
Iran,1972,9613.818607
Mexico,1982,9611.147541
Romania,1982,9605.314053
Montenegro,1977,9595.929905
Iraq,1972,9576.037596
Venezuela,1967,9541.474188
Libya,2002,9534.677467
Ireland,1972,9530.772896
Poland,1977,9508.141454
Slovak Republic,1992,9498.467723
Mexico,1992,9472.384295
Libya,1997,9467.446056
Argentina,1972,9443.038526
Slovenia,1967,9405.489397
Finland,1962,9371.842561
Romania,1977,9356.39724
Hungary,1967,9326.64467
Serbia,1992,9325.068238
Lebanon,2002,9313.93883
Argentina,1992,9308.41871
South Africa,2007,9269.657808
Montenegro,2007,9253.896111
Iceland,1957,9244.001412
Iran,2002,9240.761975
Uruguay,1997,9230.240708
Croatia,1972,9164.090127
Argentina,1987,9139.671389
Puerto Rico,1972,9123.041742
Trinidad and Tobago,1982,9119.528607
Poland,1987,9082.351172
Brazil,2007,9065.800825
Portugal,1972,9022.247417
Mauritius,2002,9021.815894
Argentina,1982,8997.897412
Cuba,2007,8948.102923
Netherlands,1952,8941.571858
Iraq,1967,8931.459811
Austria,1957,8842.59803
Argentina,2002,8797.640716
Trinidad and Tobago,1997,8792.573126
Lebanon,1997,8754.96385
Mexico,1987,8688.156003
France,1957,8662.834898
Lebanon,1977,8659.696836
Botswana,1997,8647.142313
Venezuela,2002,8605.047831
Singapore,1972,8597.756202
South Africa,1982,8568.266228
"Korea, Rep.",1987,8533.088805
Sweden,1952,8527.844662
Greece,1967,8513.097016
Turkey,2007,8458.276384
Poland,1982,8451.531004
Croatia,1992,8447.794873
Venezuela,1962,8422.974165
Slovak Republic,1967,8412.902397
Israel,1967,8393.741404
Gabon,1967,8358.761987
Belgium,1952,8343.105127
Iraq,1962,8341.737815
"Hong Kong, China",1972,8315.928145
Iran,1997,8263.590301
Czech Republic,1957,8256.343918
Italy,1962,8243.58234
Bulgaria,1987,8239.854824
Bulgaria,1982,8224.191647
Saudi Arabia,1957,8157.591248
Uruguay,1992,8137.004775
Brazil,2002,8131.212843
Argentina,1967,8052.953021
South Africa,1977,8028.651439
Romania,1972,8011.414402
Poland,1972,8006.506993
Spain,1967,7993.512294
Serbia,1967,7991.707066
Brazil,1997,7957.980824
Botswana,1992,7954.111645
Serbia,1997,7914.320304
Trinidad and Tobago,1977,7899.554209
Romania,2002,7885.360081
South Africa,1987,7825.823398
Brazil,1987,7807.095818
Montenegro,1972,7778.414017
South Africa,1972,7765.962636
Poland,1992,7738.881247
Uruguay,2002,7727.002004
Costa Rica,2002,7723.447195
South Africa,2002,7710.946444
Equatorial Guinea,2002,7703.4959
Bulgaria,2002,7696.777725
Venezuela,1952,7689.799761
Mexico,1977,7674.929108
Reunion,2007,7670.122558
Ireland,1967,7655.568963
Lebanon,1982,7640.519521
Bulgaria,1977,7612.240438
Iran,1982,7608.334602
Chile,1992,7596.125964
Hungary,1962,7550.359877
Finland,1957,7545.415386
Cuba,1987,7532.924763
Lebanon,1972,7486.384341
Slovak Republic,1962,7481.107598
South Africa,1997,7479.188244
Thailand,2007,7458.396327
Uruguay,1987,7452.398969
Bosnia and Herzegovina,2007,7446.298803
Jamaica,1972,7433.889293
Ecuador,1997,7429.455877
Taiwan,1982,7426.354774
Mauritius,1997,7425.705295
Peru,2007,7408.905561
Jamaica,1992,7404.923685
Slovenia,1962,7402.303395
Trinidad and Tobago,1987,7388.597823
Trinidad and Tobago,1992,7370.990932
Panama,2002,7356.031934
Romania,1997,7346.547557
Jamaica,2007,7320.880262
Cuba,1982,7316.918107
Malaysia,1992,7277.912802
Iceland,1952,7267.688428
Serbia,2002,7236.075251
Iran,1992,7235.653188
South Africa,1992,7225.069258
Ecuador,1982,7213.791267
Germany,1952,7144.114393
Argentina,1962,7133.166023
Jamaica,1997,7121.924704
South Africa,1967,7114.477971
Panama,1997,7113.692252
West Bank and Gaza,1997,7110.667619
Israel,1962,7105.630706
Ecuador,1992,7103.702595
Tunisia,2007,7092.923025
Panama,1987,7034.779161
Brazil,1982,7030.835878
France,1952,7029.809327
Panama,1982,7009.601598
Colombia,2007,7006.580419
Montenegro,1992,7003.339037
Jamaica,2002,6994.774861
Croatia,1967,6960.297861
Brazil,1992,6950.283021
Puerto Rico,1967,6929.277714
Uruguay,1982,6920.223051
Lebanon,1992,6890.806854
Czech Republic,1952,6876.14025
Ecuador,2007,6873.262326
Argentina,1957,6856.856212
Mexico,1972,6809.40669
Libya,1962,6757.030816
Ecuador,1977,6679.62326
Costa Rica,1997,6677.045314
Brazil,1977,6660.118654
Jamaica,1977,6650.195573
Iran,1987,6642.881371
Ireland,1962,6631.597314
Gabon,1962,6631.459222
Trinidad and Tobago,1972,6619.551419
Panama,1992,6618.74305
Turkey,1997,6601.429915
Romania,1992,6598.409903
Bulgaria,1972,6597.494398
Japan,1962,6576.649461
Montenegro,2002,6557.194282
Poland,1967,6557.152776
Turkey,2002,6508.085718
Uruguay,1977,6504.339663
Ecuador,1987,6481.776993
Romania,1967,6470.866545
Montenegro,1997,6465.613349
Saudi Arabia,1952,6459.554823
Peru,1982,6434.501797
Finland,1952,6424.519071
Cuba,1977,6380.494966
Portugal,1967,6361.517993
Peru,1987,6360.9434440000005
Jamaica,1987,6351.237495
Cuba,2002,6340.646683
Reunion,2002,6316.1652
Bulgaria,1992,6302.623438
Serbia,1962,6289.629157
Peru,1977,6281.290855
Italy,1957,6248.656232
Iraq,1957,6229.333562
Algeria,2007,6223.367465
Botswana,1987,6205.88385
"Hong Kong, China",1967,6197.962814
Costa Rica,1992,6160.416317
Uruguay,1957,6150.772969
Austria,1952,6137.076492
Jamaica,1967,6124.703451
Colombia,1997,6117.361746
Reunion,1992,6101.255823
Slovak Republic,1957,6093.26298
Cuba,1957,6092.174359
Lebanon,1957,6089.786934
Reunion,1997,6071.941411
Jamaica,1982,6068.05135
Mauritius,1992,6058.253846
Hungary,1957,6040.180011
Dominican Republic,2007,6025.374752
Bosnia and Herzegovina,2002,6018.975239
West Bank and Gaza,1992,6017.654756
Greece,1962,6017.190733
Lebanon,1967,6006.983042
Bulgaria,1997,5970.38876
Peru,1972,5937.827283
Albania,2007,5937.029526
Costa Rica,1977,5926.876967
Thailand,2002,5913.187529
Argentina,1952,5911.315053
Peru,2002,5909.020073
Montenegro,1967,5907.850937
Iran,1967,5906.731805
Slovenia,1957,5862.276629
Thailand,1997,5852.625497
Peru,1997,5838.347657
Peru,1967,5788.09333
Ecuador,2002,5773.044512
South Africa,1962,5768.729717
Colombia,2002,5755.259962
Mexico,1967,5754.733883
Algeria,1982,5745.160213
El Salvador,2007,5728.353514
Tunisia,2002,5722.895655
Uruguay,1952,5716.766744
Lebanon,1962,5714.560611
Uruguay,1972,5703.408898
Spain,1962,5693.843879
Cuba,1967,5690.268015
Algeria,1987,5681.358539
Turkey,1992,5678.348271
Costa Rica,1987,5629.915318
"Korea, Rep.",1982,5622.942464
Trinidad and Tobago,1967,5621.368472
Uruguay,1962,5603.357717
Ireland,1957,5599.077872
Taiwan,1977,5596.519826
Cuba,1992,5592.843963
Cuba,1952,5586.53878
Egypt,2007,5581.180998
Bulgaria,1967,5577.0028
Chile,1987,5547.063754
Angola,1967,5522.776375
Chile,1972,5494.024437
South Africa,1957,5487.104219
Nicaragua,1977,5486.371089
Croatia,1962,5477.890018
Angola,1972,5473.288005
Colombia,1992,5444.648617
Uruguay,1967,5444.61962
Cuba,1997,5431.990415
Israel,1957,5385.278451
Lebanon,1987,5377.091329
Panama,1972,5364.249663
Panama,1977,5351.912144
El Salvador,2002,5351.568666
Poland,1962,5338.752143
Cuba,1972,5305.445256
Reunion,1987,5303.377488
Algeria,2002,5288.040382
Ecuador,1972,5280.99471
Reunion,1982,5267.219353
Hungary,1952,5263.673816
Costa Rica,1982,5262.734751
Malaysia,1987,5249.802653
Jamaica,1962,5246.107524
Ireland,1952,5210.280328
Guatemala,2007,5186.050003
Cuba,1962,5180.75591
El Salvador,1997,5154.825496
El Salvador,1977,5138.922374
Costa Rica,1972,5118.146939
Puerto Rico,1962,5108.34463
West Bank and Gaza,1987,5107.197384
Chile,1967,5106.654313
Chile,1982,5095.665738
Turkey,1987,5089.043686
Slovak Republic,1952,5074.659104
Reunion,1972,5047.658563
Algeria,1992,5023.216647
Trinidad and Tobago,1962,4997.523971
Brazil,1972,4985.711467
Serbia,1957,4981.090891
Singapore,1967,4977.41854
Gabon,1957,4976.198099
China,2007,4959.114854
Peru,1962,4957.037982
Italy,1952,4931.404155
Malaysia,1982,4920.355951
Greece,1957,4916.299889
Algeria,1977,4910.416756
Colombia,1987,4903.2191
Guatemala,1977,4879.992748
"Congo, Rep.",1982,4879.507522
Tunisia,1997,4876.798614
Guatemala,2002,4858.347495
Lebanon,1952,4834.804067
Guatemala,1982,4820.49479
Namibia,2007,4811.060429
Algeria,1997,4797.295051
Angola,2007,4797.231267
Mauritius,1987,4783.586903
Bosnia and Herzegovina,1997,4766.355904
Chile,1977,4756.763836
Jamaica,1957,4756.525781
Egypt,2002,4754.604414
Romania,1962,4734.997586
Poland,1957,4734.253019
Portugal,1962,4727.954889
South Africa,1952,4725.295531
Oman,1967,4720.942687
"Hong Kong, China",1962,4692.648272
Nicaragua,1972,4688.593267
Guatemala,1997,4684.313807
"Korea, Rep.",1977,4657.22102
Montenegro,1962,4649.593785
Nicaragua,1967,4643.393534
Thailand,1992,4616.896545
Albania,2002,4604.211737
Mexico,1962,4581.609385
Ecuador,1967,4579.074215
Spain,1957,4564.80241
Dominican Republic,2002,4563.808154
Botswana,1982,4551.14215
El Salvador,1972,4520.246008
Jordan,2007,4519.461171
Chile,1962,4519.094331
West Bank and Gaza,2002,4515.487575
Swaziland,2007,4513.480643
Iraq,2007,4471.061906
Jordan,1987,4448.679912
Peru,1992,4446.380924
El Salvador,1992,4444.2317
Guatemala,1992,4439.45084
Panama,1967,4421.009084
Colombia,1982,4397.575659
Iraq,2002,4390.717312
El Salvador,1967,4358.595393
Croatia,1957,4338.231617
West Bank and Gaza,1982,4336.032082
Tunisia,1992,4332.720164
Reunion,1977,4319.804067
Japan,1957,4317.694365
Chile,1957,4315.622723
Bosnia and Herzegovina,1987,4314.114757
Gabon,1952,4293.476475
Angola,1962,4269.276742
Turkey,1977,4269.122326
Paraguay,1982,4258.503604
Bulgaria,1962,4254.337839
Paraguay,1997,4247.400261
Guatemala,1987,4246.485974
Peru,1957,4245.256698
Turkey,1982,4241.356344
Slovenia,1952,4215.041741
"Congo, Rep.",1987,4201.194937
Paraguay,1992,4196.411078
Namibia,1982,4191.100511
Iran,1962,4187.329802
Syria,2007,4184.548089
Algeria,1972,4182.663766
Egypt,1997,4173.181797
Paraguay,2007,4172.838464
Costa Rica,1967,4161.727834
Jordan,1982,4161.415959
El Salvador,1987,4140.442097
Mexico,1957,4131.546641
Iraq,1952,4129.766056
Swaziland,2002,4128.116943
Bosnia and Herzegovina,1982,4126.613157
"Korea, Dem. Rep.",1982,4106.525293
"Korea, Dem. Rep.",1987,4106.492315
"Korea, Dem. Rep.",1977,4106.301249
Trinidad and Tobago,1957,4100.3934
El Salvador,1982,4098.344175
Syria,2002,4090.925331
Israel,1952,4086.522128
Ecuador,1962,4086.114078
Namibia,2002,4072.324751
Taiwan,1972,4062.523897
Guatemala,1972,4031.408271
Poland,1952,4029.329699
Reunion,1967,4021.175739
"Congo, Rep.",1992,4016.239529
Syria,1997,4014.238972
Paraguay,1987,3998.875695
Swaziland,1987,3984.839812
Sri Lanka,2007,3970.095407
Romania,1957,3943.370225
Chile,1952,3939.978789
Puerto Rico,1957,3907.156189
Namibia,1997,3899.52426
Swaziland,1982,3895.384018
Egypt,1987,3885.46071
Swaziland,1997,3876.76846
Namibia,1977,3876.485958
Jordan,2002,3844.917194
Spain,1952,3834.034742
Angola,1957,3827.940465
Malaysia,1977,3827.921571
Bolivia,2007,3822.137084
Morocco,2007,3820.17523
Colombia,1977,3815.80787
Tunisia,1987,3810.419296
Namibia,1992,3804.537999
Egypt,1992,3794.755195
Namibia,1967,3793.694753
Paraguay,2002,3783.674243
Swaziland,1977,3781.410618
Ecuador,1957,3780.546651
El Salvador,1962,3776.803627
Portugal,1957,3774.571743
Syria,1982,3761.837715
Peru,1952,3758.523437
Namibia,1972,3746.080948
Iraq,1992,3745.640687
Albania,1987,3738.932735
"Korea, Dem. Rep.",1992,3726.063507
Mauritius,1977,3710.982963
"Korea, Dem. Rep.",1972,3701.621503
Djibouti,1972,3694.212352
Namibia,1987,3693.731337
Mauritius,1982,3688.037739
West Bank and Gaza,1977,3682.831494
Montenegro,1957,3682.259903
Singapore,1962,3674.735572
Jordan,1997,3645.379572
Nicaragua,1962,3634.364406
"Congo, Rep.",2007,3632.557798
Albania,1982,3630.880722
"Hong Kong, China",1957,3629.076457
Dominican Republic,1997,3614.101285
Serbia,1952,3581.459448
Tunisia,1982,3560.233174
Swaziland,1992,3553.0224
Honduras,2007,3548.330846
Bolivia,1977,3548.097832
Indonesia,2007,3540.651564
Panama,1962,3536.540301
Albania,1977,3533.00391
Greece,1952,3530.690067
Bosnia and Herzegovina,1977,3528.481305
Ecuador,1952,3522.110717
Angola,1952,3520.610273
Egypt,1982,3503.729636
"Congo, Rep.",1997,3484.164376
"Congo, Rep.",2002,3484.06197
Mexico,1952,3478.125529
Nicaragua,1982,3470.338156
Costa Rica,1962,3460.937025
Nicaragua,1957,3457.415947
Turkey,1972,3450.69638
Libya,1957,3448.284395
Jordan,1992,3431.593647
Brazil,1967,3429.864357
El Salvador,1957,3421.523218
Bolivia,2002,3413.26269
Swaziland,1972,3364.836625
Syria,1992,3340.542768
Brazil,1962,3336.585802
Bolivia,1997,3326.143191
Albania,1972,3313.422188
Iran,1957,3290.257643
Colombia,1972,3264.660041
"Congo, Rep.",1977,3259.178978
Morocco,2002,3258.495584
Paraguay,1977,3248.373311
Algeria,1967,3246.991771
Guatemala,1967,3242.531147
Japan,1952,3216.956347
Botswana,1977,3214.857818
"Congo, Rep.",1972,3213.152683
Honduras,1977,3203.208066
Syria,1977,3195.484582
Albania,1997,3193.054604
Philippines,2007,3190.481016
Reunion,1962,3173.72334
Namibia,1962,3173.215595
Honduras,1997,3160.454906
Bolivia,1982,3156.510452
Romania,1952,3144.613186
West Bank and Gaza,1972,3133.409277
Honduras,1982,3121.760794
Tunisia,1977,3120.876811
Indonesia,1997,3119.335603
China,2002,3119.280896
Croatia,1952,3119.23652
Syria,1987,3116.774285
Nicaragua,1952,3112.363948
Honduras,2002,3099.72866
Mongolia,2007,3095.772271
Puerto Rico,1952,3081.959785
Djibouti,1977,3081.761022
Honduras,1992,3081.694603
Iraq,1997,3076.239795
Portugal,1952,3068.319867
"Hong Kong, China",1952,3054.421209
El Salvador,1952,3048.3029
Dominican Republic,1992,3044.214214
Iran,1952,3035.326002
"Korea, Rep.",1972,3030.87665
West Bank and Gaza,2007,3025.349798
Trinidad and Tobago,1952,3023.271928
Honduras,1987,3023.096699
Djibouti,1962,3020.989263
Djibouti,1967,3020.050513
Sri Lanka,2002,3015.378833
Algeria,1957,3013.976023
Bulgaria,1957,3008.670727
Angola,1977,3008.647355
Costa Rica,1957,2990.010802
Thailand,1987,2982.653773
Morocco,1997,2982.101858
Bolivia,1972,2980.331339
Panama,1957,2961.800905
Bolivia,1992,2961.699694
Nicaragua,1987,2955.984375
Morocco,1992,2948.047252
Oman,1962,2924.638113
Dominican Republic,1987,2899.842175
Jamaica,1952,2898.530881
Djibouti,1987,2880.102568
Djibouti,1982,2879.468067
Indonesia,2002,2873.91287
Djibouti,1957,2864.969076
Dominican Republic,1982,2861.092386
Bosnia and Herzegovina,1972,2860.16975
Jordan,1977,2852.351568
Malaysia,1972,2849.09478
Singapore,1957,2843.104409
Turkey,1967,2826.356387
Equatorial Guinea,1997,2814.480755
Egypt,1977,2785.493582
Angola,2002,2773.287312
Reunion,1957,2769.451844
Albania,1967,2760.196931
Angola,1982,2756.953672
Morocco,1987,2755.046991
Bolivia,1987,2753.69149
Tunisia,1972,2753.285994
Guatemala,1962,2750.364446
Nicaragua,2007,2749.320965
Jordan,1967,2741.796252
Reunion,1952,2718.885295
Morocco,1982,2702.620356
Dominican Republic,1977,2681.9889
Colombia,1967,2678.729839
"Congo, Rep.",1967,2677.939642
Bolivia,1952,2677.326347
Djibouti,1952,2669.529475
Sri Lanka,1997,2664.477257
Philippines,2002,2650.921068
West Bank and Gaza,1967,2649.715007
Montenegro,1952,2647.585601
Taiwan,1967,2643.858681
Angola,1992,2627.845685
Costa Rica,1952,2627.009471
Namibia,1957,2621.448058
Guatemala,1957,2617.155967
Swaziland,1967,2613.101665
Pakistan,2007,2605.94758
Philippines,1982,2603.273765
Cote d'Ivoire,1982,2602.710169
Cameroon,1987,2602.664206
Sudan,2007,2602.394995
Bolivia,1967,2586.886053
Mauritius,1972,2575.484158
Syria,1972,2571.423014
Algeria,1962,2550.81688
Bosnia and Herzegovina,1992,2546.781445
Honduras,1967,2538.269358
Philippines,1997,2536.534925
Honduras,1972,2529.842345
Mauritius,1962,2529.067487
Paraguay,1972,2523.337977
Cote d'Ivoire,1977,2517.736547
Albania,1992,2497.437901
Colombia,1962,2492.351109
Brazil,1957,2487.365989
Panama,1952,2480.380334
Mauritius,1967,2475.387562
Nicaragua,2002,2474.548819
"Congo, Rep.",1962,2464.783157
India,2007,2452.210407
Algeria,1952,2449.008185
Bulgaria,1952,2444.286648
Vietnam,2007,2441.576404
Angola,1987,2430.208311
Guatemala,1952,2428.237769
Namibia,1952,2423.780443
Thailand,1982,2393.219781
Libya,1952,2387.54806
Indonesia,1992,2383.140898
Cote d'Ivoire,1972,2378.201111
Djibouti,1992,2377.156192
Philippines,1977,2373.204287
Morocco,1977,2370.619976
Cameroon,1982,2367.983282
Jordan,1962,2348.009158
Mongolia,1987,2338.008304
Colombia,1957,2323.805581
Turkey,1962,2322.869908
Singapore,1952,2315.138227
"Congo, Rep.",1957,2315.056572
Albania,1962,2312.888958
Paraguay,1967,2299.376311
Honduras,1962,2291.156835
China,1997,2289.234136
"Yemen, Rep.",2007,2280.769906
Philippines,1992,2279.324017
Malaysia,1967,2277.742396
Angola,1997,2277.140884
Botswana,1972,2263.611114
Nicaragua,1997,2253.023004
Oman,1957,2242.746551
"Yemen, Rep.",2002,2234.820827
Honduras,1957,2220.487682
Turkey,1957,2218.754257
Sudan,1977,2202.988423
West Bank and Gaza,1962,2198.956312
Honduras,1952,2194.926204
Syria,1962,2193.037133
Dominican Republic,1972,2189.874499
Philippines,1987,2189.634995
Bolivia,1962,2180.972546
Bosnia and Herzegovina,1967,2172.352423
Nicaragua,1992,2170.151724
Cote d'Ivoire,1987,2156.956069
Sri Lanka,1992,2153.739222
Paraguay,1962,2148.027146
Colombia,1952,2144.115096
"Korea, Dem. Rep.",1967,2143.540609
Mongolia,2002,2140.739323
Bolivia,1957,2127.686326
"Congo, Rep.",1952,2125.621418
"Yemen, Rep.",1997,2117.484526
Syria,1957,2117.234893
Jordan,1972,2110.856309
Brazil,1952,2108.944355
Pakistan,2002,2092.712441
Djibouti,2007,2082.481567
Cote d'Ivoire,1967,2052.050473
Pakistan,1997,2049.350521
Paraguay,1957,2046.154706
Cameroon,2007,2042.09524
Malaysia,1962,2036.884944
Mauritius,1957,2034.037981
"Korea, Rep.",1967,2029.228142
Egypt,1972,2024.008147
Nigeria,2007,2013.977305
Haiti,1982,2011.159549
Mongolia,1982,2000.603139
Sudan,2002,1993.398314
Philippines,1972,1989.37407
Nigeria,1977,1981.951806
"Yemen, Rep.",1982,1977.55701
Pakistan,1992,1971.829464
"Yemen, Rep.",1987,1971.741538
Turkey,1952,1969.10098
Mauritius,1952,1967.955707
Thailand,1977,1961.224635
Sudan,1962,1959.593767
Paraguay,1952,1952.308701
Albania,1957,1942.284244
Comoros,1972,1937.577675
Cameroon,2002,1934.011449
Tunisia,1967,1932.360167
Morocco,1972,1930.194975
Djibouti,2002,1908.260867
Mongolia,1997,1902.2521
Sudan,1982,1895.544073
Djibouti,1997,1895.016984
Sao Tome and Principe,1982,1890.218117
Jordan,1957,1886.080591
Syria,1967,1881.923632
"Yemen, Rep.",1992,1879.496673
Sri Lanka,1987,1876.766827
Comoros,1967,1876.029643
Haiti,1977,1874.298931
Swaziland,1962,1856.182125
Haiti,1952,1840.366939
Malaysia,1952,1831.132894
"Yemen, Rep.",1977,1829.765177
Oman,1952,1828.230307
West Bank and Gaza,1957,1827.067742
Haiti,1987,1823.015995
Taiwan,1962,1822.879028
Egypt,1967,1814.880728
Philippines,1967,1814.12743
Malaysia,1957,1810.066992
Mauritania,2007,1803.151496
Haiti,1962,1796.589032
Cameroon,1992,1793.163278
Cote d'Ivoire,1997,1786.265407
Mongolia,1992,1785.402016
Cameroon,1977,1783.432873
Zambia,1967,1777.077318
Zambia,1972,1773.498265
Sudan,1957,1770.337074
Vietnam,2002,1764.456677
Madagascar,1972,1748.562982
Indonesia,1987,1748.356961
India,2002,1746.769454
Sao Tome and Principe,1977,1737.561657
Cote d'Ivoire,1962,1728.869428
Haiti,1957,1726.887882
Cambodia,2007,1713.778686
Senegal,2007,1712.472136
Morocco,1967,1711.04477
Bosnia and Herzegovina,1962,1709.683679
Pakistan,1987,1704.686583
Chad,2007,1704.063724
Nigeria,1972,1698.388838
Cameroon,1997,1694.337469
Egypt,1962,1693.335853
"Korea, Dem. Rep.",1997,1690.756814
Morocco,1952,1688.20357
Sudan,1967,1687.997641
Cameroon,1972,1684.146528
Dominican Republic,1962,1662.137359
Tunisia,1962,1660.30321
Sudan,1972,1659.652775
China,1992,1655.784158
Senegal,1962,1654.988723
Haiti,1972,1654.456946
Dominican Republic,1967,1653.723003
Togo,1972,1649.660188
Philippines,1962,1649.552153
Cote d'Ivoire,2002,1648.800823
Sri Lanka,1982,1648.079789
Cote d'Ivoire,1992,1648.073791
Mongolia,1977,1647.511665
"Korea, Dem. Rep.",2002,1646.758151
Syria,1952,1643.485354
Madagascar,1962,1643.38711
Morocco,1957,1642.002314
Madagascar,1967,1634.047282
Sudan,1997,1632.210764
Nigeria,1997,1624.941275
"Korea, Dem. Rep.",1962,1621.693598
Nigeria,1992,1619.848217
Sudan,1952,1615.991129
Nigeria,2002,1615.286395
Senegal,1967,1612.404632
Albania,1952,1601.056136
Sao Tome and Principe,2007,1598.435089
Senegal,1972,1597.712056
"Korea, Dem. Rep.",2007,1593.06548
Madagascar,1957,1589.20275
Zambia,1977,1588.688299
Mauritania,1972,1586.851781
Mauritania,2002,1579.019543
Nigeria,1982,1576.97375
"Korea, Dem. Rep.",1957,1571.134655
Lesotho,2007,1569.331442
Senegal,1957,1567.653006
Morocco,1962,1566.353493
Senegal,1977,1561.769116
Philippines,1957,1547.944844
Jordan,1952,1546.907807
Cote d'Ivoire,2007,1544.750112
Dominican Republic,1957,1544.402995
Madagascar,1977,1544.228586
"Korea, Rep.",1962,1536.344387
Sao Tome and Principe,1972,1532.985254
Togo,1977,1532.776998
Thailand,1972,1524.358936
Senegal,2002,1519.635262
Senegal,1982,1518.479984
Indonesia,1982,1516.872988
Sao Tome and Principe,1987,1516.525457
West Bank and Gaza,1952,1515.592329
Cameroon,1967,1508.453148
Taiwan,1957,1507.86129
Sudan,1987,1507.819159
Cote d'Ivoire,1957,1500.895925
Mauritania,1977,1497.492223
Sudan,1992,1492.197043
"Korea, Rep.",1957,1487.593537
Mauritania,1997,1483.136136
Mauritania,1982,1481.150189
Togo,1967,1477.59676
Tunisia,1952,1468.475631
Sierra Leone,1982,1465.010784
Kenya,2007,1463.249282
Egypt,1957,1458.915272
India,1997,1458.817442
Haiti,1992,1456.309517
Zambia,1962,1452.725766
Haiti,1967,1452.057666
Somalia,1977,1450.992513
Senegal,1952,1450.356983
Pakistan,1982,1443.429832
Madagascar,1952,1443.011715
Senegal,1987,1441.72072
Benin,2007,1441.284873
Sao Tome and Principe,1992,1428.777814
Mongolia,1972,1421.741975
Mauritania,1987,1421.603576
Mauritania,1967,1421.145193
Egypt,1952,1418.822445
Zambia,1982,1408.678565
Comoros,1962,1406.648278
Cameroon,1962,1399.607441
Dominican Republic,1952,1397.717137
Tunisia,1957,1395.232468
Senegal,1997,1392.368347
Bangladesh,2007,1391.253792
Chad,1962,1389.817618
Cote d'Ivoire,1952,1388.594732
Vietnam,1997,1385.896769
Nigeria,1987,1385.029563
Sao Tome and Principe,1967,1384.840593
Indonesia,1977,1382.702056
China,1987,1378.904018
Benin,2002,1372.877931
Somalia,1962,1369.488336
Senegal,1992,1367.899369
Kenya,1987,1361.936856
Mauritania,1992,1361.369784
Kenya,1997,1360.485021
Bosnia and Herzegovina,1957,1353.989176
Sierra Leone,1972,1353.759762
Sao Tome and Principe,2002,1353.09239
Sri Lanka,1977,1348.775651
Sierra Leone,1977,1348.285159
Kenya,1982,1348.225791
Togo,1982,1344.577953
Kenya,1992,1341.921721
Haiti,1997,1341.726931
Sao Tome and Principe,1997,1339.076036
Ghana,2007,1327.60891
Comoros,1987,1315.980812
Cameroon,1957,1313.048099
Zambia,1957,1311.956766
Chad,1957,1308.495577
Madagascar,1982,1302.878658
Thailand,1967,1295.46066
Sierra Leone,1987,1294.447788
Kenya,2002,1287.514732
Somalia,1967,1284.73318
Benin,1982,1277.897616
Lesotho,2002,1275.184575
Philippines,1952,1272.880995
Zambia,2007,1271.211593
Haiti,2002,1270.364932
Kenya,1977,1267.613204
Comoros,1982,1267.100083
"Yemen, Rep.",1972,1265.047031
Somalia,1957,1258.147413
Somalia,1972,1254.576127
Comoros,1992,1246.90737
Swaziland,1957,1244.708364
Benin,1997,1232.975292
Mongolia,1967,1226.04113
Benin,1987,1225.85601
Kenya,1972,1222.359968
Burkina Faso,2007,1217.032994
Botswana,1967,1214.709294
Sri Lanka,1972,1213.39553
Zambia,1987,1213.315116
Comoros,1957,1211.148548
Zambia,1992,1210.884633
Taiwan,1952,1206.947913
Sierra Leone,1967,1206.043465
Togo,1987,1202.201361
Haiti,2007,1201.637154
Chad,1967,1196.810565
Central African Republic,1962,1193.068753
Benin,1992,1191.207681
Central African Republic,1957,1190.844328
Ghana,1962,1190.041118
Lesotho,1997,1186.147994
Chad,1952,1178.665927
Ghana,1972,1178.223708
Somalia,1982,1176.807031
Pakistan,1977,1175.921193
Comoros,1997,1173.618235
Cameroon,1952,1172.667655
Comoros,1977,1172.603047
India,1992,1164.406809
Chad,2002,1156.18186
Madagascar,1987,1155.441948
Nigeria,1962,1150.927478
Swaziland,1952,1148.376626
Zambia,1952,1147.388831
Bangladesh,2002,1136.39043
Central African Republic,1967,1136.056615
Somalia,1952,1135.749842
Sri Lanka,1967,1135.514326
Chad,1977,1133.98495
Equatorial Guinea,1992,1132.055034
Ghana,1967,1125.69716
Sierra Leone,1962,1116.639877
Ghana,2002,1111.984578
Indonesia,1972,1111.107907
Central African Republic,1977,1109.374338
Tanzania,2007,1107.482182
Chad,1972,1104.103987
Comoros,1952,1102.990936
Nigeria,1957,1100.592563
Somalia,1987,1093.244963
Nepal,2007,1091.359778
"Korea, Dem. Rep.",1952,1088.277758
Benin,1972,1085.796879
Sri Lanka,1952,1083.53203
Nigeria,1952,1077.281856
Comoros,2002,1075.811558
Sri Lanka,1962,1074.47196
Sri Lanka,1957,1072.546602
Zambia,2002,1071.613938
Sao Tome and Principe,1962,1071.551119
Zambia,1997,1071.353818
Central African Republic,1952,1071.310713
Central African Republic,1972,1070.013275
Sierra Leone,1992,1068.696278
Togo,1962,1067.53481
Benin,1952,1062.7522
Chad,1992,1058.0643
Nepal,2002,1057.206311
Kenya,1967,1056.736457
Uganda,2007,1056.380121
Mongolia,1962,1056.353958
Mauritania,1962,1055.896036
Niger,1967,1054.384891
Pakistan,1972,1049.938981
Madagascar,2007,1044.770126
Ghana,1957,1043.561537
Mali,2007,1042.581557
Madagascar,1992,1040.67619
Burkina Faso,2002,1037.645221
Benin,1967,1035.831411
Togo,1992,1034.298904
"Korea, Rep.",1952,1030.592226
Benin,1977,1029.161251
Nigeria,1967,1014.514104
Nepal,1997,1010.892138
Ghana,1997,1005.245812
Chad,1997,1004.961353
Sierra Leone,1957,1004.484437
Thailand,1962,1002.199172
Niger,1962,997.7661127
Ghana,1977,993.2239571
Vietnam,1992,989.0231487
Madagascar,1997,986.2958956
Comoros,2007,986.1478792
Botswana,1962,983.6539764
Togo,1997,982.2869243
Afghanistan,1982,978.0114388
Lesotho,1992,977.4862725
India,1987,976.5126756
Afghanistan,2007,974.5803384
Bosnia and Herzegovina,1952,973.5331948
Bangladesh,1997,972.7700352
Equatorial Guinea,1987,966.8968149
Tanzania,1977,962.4922932
China,1982,962.4213805
Benin,1957,959.6010805
Equatorial Guinea,1977,958.5668124
Central African Republic,1982,956.7529907
Niger,1972,954.2092363
Chad,1987,952.386129
Mali,2002,951.4097518
Uganda,1972,950.735869
Benin,1962,949.4990641
Burkina Faso,1997,946.2949618
Guinea,2002,945.5835837
Kenya,1957,944.4383152
Myanmar,2007,944
Guinea,2007,942.6542111
Pakistan,1967,942.4082588
Burkina Faso,1992,931.7527731
Somalia,1997,930.5964284
Equatorial Guinea,1982,927.8253427
Uganda,2002,927.7210018
Somalia,1992,926.9602964
Somalia,2007,926.1410683
Togo,1957,925.9083202
Ghana,1992,925.060154
Botswana,1957,918.2325349
Tanzania,1972,915.9850592
Equatorial Guinea,1967,915.5960025
Eritrea,1997,913.47079
Mongolia,1957,912.6626085
Burkina Faso,1987,912.0631417
Ghana,1952,911.2989371
Niger,1982,909.7221354
Uganda,1967,908.9185217
"Congo, Dem. Rep.",1957,905.8602303
"Congo, Dem. Rep.",1972,904.8960685
Tanzania,2002,899.0742111
Nepal,1992,897.7403604
Kenya,1962,896.9663732
"Congo, Dem. Rep.",1962,896.3146335
Cambodia,2002,896.2260153
Madagascar,2002,894.6370822
Togo,2002,886.2205765
Gambia,1977,884.7552507
Togo,2007,882.9699438
Somalia,2002,882.0818218
Rwanda,1982,881.5706467
Sierra Leone,1952,879.7877358
Sao Tome and Principe,1952,879.5835855
Ghana,1982,876.032569
Guinea,1977,874.6858643
Tanzania,1982,874.2426069
Guinea,1997,869.4497668
Rwanda,2007,863.0884639
Sierra Leone,2007,862.5407561
"Yemen, Rep.",1967,862.4421463
"Congo, Dem. Rep.",1967,861.5932424
Sao Tome and Principe,1957,860.7369026
Togo,1952,859.8086567
Indonesia,1957,858.9002707
Guinea,1982,857.2503577
India,1982,855.7235377
Burkina Faso,1972,854.7359763
Kenya,1952,853.540919
Afghanistan,1962,853.10071
Afghanistan,1987,852.3959448
Botswana,1952,851.2411407
Indonesia,1962,849.2897701
Tanzania,1967,848.2186575
Rwanda,1987,847.991217
Ghana,1987,847.0061135
Mauritania,1957,846.1202613
Central African Republic,1987,844.8763504
Uganda,1977,843.7331372
Guinea-Bissau,1982,838.1239671
Bangladesh,1992,837.8101643
Afghanistan,1967,836.1971382
Gambia,1982,835.8096108
Niger,1957,835.5234025
Tanzania,1987,831.8220794
Tanzania,1992,825.682454
"Yemen, Rep.",1962,825.6232006
Mozambique,2007,823.6856205
Afghanistan,1957,820.8530296
Vietnam,1987,820.7994449
Guinea-Bissau,1972,820.2245876
Uganda,1997,816.559081
India,1977,813.337323
Niger,1977,808.8970728
Burkina Faso,1982,807.1985855
Guinea,1987,805.5724718
"Yemen, Rep.",1957,804.8304547
Pakistan,1962,803.3427418
Liberia,1972,803.0054535
Zimbabwe,1972,799.3621758
Chad,1982,797.9081006
Lesotho,1982,797.2631074
Guinea-Bissau,1997,796.6644681
"Congo, Dem. Rep.",1977,795.757282
Burkina Faso,1967,794.8265597
Guinea,1992,794.3484384
Thailand,1957,793.5774148
Zimbabwe,1997,792.4499603
Mali,1997,790.2579846
Tanzania,1997,789.1862231
Zimbabwe,1982,788.8550411
Mongolia,1952,786.5668575
Afghanistan,1977,786.11336
Rwanda,2002,785.6537648
"Yemen, Rep.",1952,781.7175761
"Congo, Dem. Rep.",1952,780.5423257
Afghanistan,1952,779.4453145
Nepal,1987,775.6324501
Uganda,1957,774.3710692
Lesotho,1987,773.9932141
Vietnam,1962,772.0491602
Uganda,1962,767.2717398
Eritrea,2002,765.3500015
Guinea-Bissau,1977,764.7259628
Indonesia,1967,762.4317721
Niger,1952,761.879376
Malawi,2007,759.3499101
Thailand,1952,757.7974177
Gambia,1972,756.0868363
Gambia,2007,752.7497265
Bangladesh,1987,751.9794035
Indonesia,1952,749.6816546
Central African Republic,1992,747.9055252
Pakistan,1957,747.0835292
Guinea-Bissau,1992,745.5398706
Lesotho,1977,745.3695408
Burkina Faso,1977,743.3870368
Mauritania,1952,743.1159097
Guinea,1972,741.6662307
China,1977,741.2374699
Central African Republic,1997,740.5063317
Afghanistan,1972,739.9811058
Mali,1992,739.014375
Central African Republic,2002,738.6906068
Rwanda,1992,737.0685949
Guinea-Bissau,1987,736.4153921
Gambia,1967,734.7829124
Uganda,1952,734.753484
Cambodia,1997,734.28517
Afghanistan,2002,726.7340548
Mozambique,1972,724.9178037
India,1972,724.032527
Burkina Faso,1962,722.5120206
Tanzania,1962,722.0038073
Bangladesh,1967,721.1860862
Nepal,1982,718.3730947
Tanzania,1952,716.6500721
Guinea-Bissau,1967,715.5806402
Liberia,1967,713.6036483
Vietnam,1977,713.5371196
Guinea,1967,708.7595409
Vietnam,1982,707.2357863
Zimbabwe,1987,706.1573059
Central African Republic,2007,706.016537
India,1967,700.7706107
Vietnam,1972,699.5016441
Sierra Leone,2002,699.489713
Tanzania,1957,698.5356073
Nepal,1977,694.1124398
Zimbabwe,1992,693.4207856
Malawi,1997,692.2758103
Ethiopia,2007,690.8055759
Mali,1977,686.3952693
Guinea,1962,686.3736739
Bangladesh,1962,686.3415538
Zimbabwe,1977,685.5876821
Pakistan,1952,684.5971438
Bangladesh,1952,684.2441716
Mali,1987,684.1715576
Cambodia,1987,683.8955732
Cambodia,1992,682.3031755
Uganda,1982,682.2662268
Bangladesh,1982,676.9818656
China,1972,676.9000921
Nepal,1967,676.4422254
Vietnam,1957,676.2854478
Nepal,1972,674.7881296
"Congo, Dem. Rep.",1982,673.7478181
"Congo, Dem. Rep.",1987,672.774812
Equatorial Guinea,1972,672.4122571
Zimbabwe,2002,672.0386227
Rwanda,1977,670.0806011
Niger,1987,668.3000228
Gambia,1992,665.6244126
Malawi,2002,665.4231186
Malawi,1977,663.2236766
Bangladesh,1957,661.6374577
Gambia,2002,660.5855997
Bangladesh,1977,659.8772322
India,1962,658.3471509
Gambia,1997,653.7301704
Nepal,1962,652.3968593
Afghanistan,1992,649.3413952
Uganda,1992,644.1707969
Eritrea,2007,641.3695236
Liberia,1977,640.3224383
Vietnam,1967,637.1232887
Liberia,1992,636.6229191
Malawi,1987,635.5173634
Afghanistan,1997,635.341351
Liberia,1962,634.1951625
Mozambique,2002,633.6179466
Malawi,1982,632.8039209
Burundi,1992,631.6998778
Bangladesh,1972,630.2336265
Cambodia,1982,624.4754784
Burundi,1987,621.8188189
Liberia,1957,620.9699901
Niger,2007,619.6768924
Mali,1982,618.0140641
Uganda,1987,617.7244065
Burkina Faso,1957,617.1834648
China,1967,612.7056934
Gambia,1987,611.6588611
Myanmar,2002,611
Liberia,1997,609.17395079999994
Vietnam,1952,605.0664917
Niger,2002,601.0745012
Gambia,1962,599.650276
Nepal,1957,597.9363558
Rwanda,1962,597.4730727
Rwanda,1972,590.5806638
India,1957,590.061996
Rwanda,1997,589.9445051
Malawi,1972,584.6219709
Eritrea,1992,582.8585102
Equatorial Guinea,1962,582.8419714
Mali,1972,581.3688761
Niger,1992,581.182725
Niger,1997,580.3052092
Guinea-Bissau,2007,579.231743
Ethiopia,1982,577.8607471
Guinea,1957,576.2670245
China,1957,575.9870009
Guinea-Bissau,2002,575.7047176
Liberia,1952,575.5729961
Sierra Leone,1997,574.6481576
Ethiopia,1987,573.7413142
Liberia,1982,572.1995694
Zimbabwe,1967,569.7950712
Mozambique,1967,566.6691539
Ethiopia,1972,566.2439442
Malawi,1992,563.2000145
Burundi,1982,559.603231
Ethiopia,1977,556.8083834
Mozambique,1962,556.6863539
Burundi,1977,556.1032651
India,1952,546.5657493
Nepal,1952,545.8657229
Mali,1967,545.0098873
Burkina Faso,1952,543.2552413
Rwanda,1957,540.2893983
Liberia,2002,531.4823679
Ethiopia,2002,530.0535319
Zimbabwe,1962,527.2721818
Cambodia,1977,524.9721832
Eritrea,1982,524.8758493
Cambodia,1967,523.4323142
Guinea-Bissau,1962,522.0343725
Eritrea,1987,521.1341333
Gambia,1957,520.9267111
Zimbabwe,1957,518.7642681
Ethiopia,1967,516.1186438
Ethiopia,1997,515.8894013
Eritrea,1972,514.3242082
Rwanda,1967,510.9637142
Guinea,1952,510.1964923
Liberia,1987,506.1138573
Eritrea,1977,505.7538077
Mozambique,1977,502.3197334
Lesotho,1967,498.6390265
Cambodia,1962,496.9136476
Lesotho,1972,496.5815922
Mali,1962,496.1743428
Mozambique,1957,495.5868333
Malawi,1967,495.5147806
Rwanda,1952,493.3238752
Mali,1957,490.3821867
China,1962,487.6740183
Gambia,1952,485.2306591
Mozambique,1997,472.3460771
Zimbabwe,2007,469.7092981
Eritrea,1967,468.7949699
Mozambique,1952,468.5260381
Burundi,1972,464.0995039
Burundi,1997,463.1151478
Mozambique,1982,462.2114149
"Congo, Dem. Rep.",1992,457.7191807
Mali,1952,452.3369807
Burundi,2002,446.4035126
Cambodia,1957,434.0383364
Guinea-Bissau,1957,431.7904566
Burundi,2007,430.0706916
Malawi,1962,427.9010856
Equatorial Guinea,1957,426.0964081
Myanmar,1982,424
Cambodia,1972,421.6240257
Ethiopia,1992,421.3534653
Ethiopia,1962,419.4564161
Malawi,1957,416.3698064
Myanmar,1997,415
Liberia,2007,414.5073415
Burundi,1967,412.9775136
Lesotho,1962,411.8006266
Mozambique,1992,410.8968239
Zimbabwe,1952,406.8841148
China,1952,400.448611
Mozambique,1987,389.8761846
Myanmar,1962,388
Myanmar,1987,385
Eritrea,1962,380.9958433
Burundi,1957,379.5646281
Ethiopia,1957,378.9041632
Equatorial Guinea,1952,375.6431231
Myanmar,1977,371
Malawi,1952,369.1650802
Cambodia,1952,368.4692856
Ethiopia,1952,362.1462796
Myanmar,1972,357
Burundi,1962,355.2032273
Myanmar,1957,350
Myanmar,1967,349
Myanmar,1992,347
Eritrea,1957,344.1618859
Burundi,1952,339.2964587
Lesotho,1957,335.9971151
Myanmar,1952,331
Eritrea,1952,328.9405571
"Congo, Dem. Rep.",1997,312.188423
Guinea-Bissau,1952,299.850319
Lesotho,1952,298.8462121
"Congo, Dem. Rep.",2007,277.5518587
"Congo, Dem. Rep.",2002,241.1658765
